<ImportExportXml xmlns:xsi="http://www.w3.org/2001/XMLSchema-instance" OrganizationVersion="9.2.25091.142" OrganizationSchemaType="Standard" CRMServerServiceabilityVersion="9.2.25091.00142">
  <Entities></Entities>
  <Roles></Roles>
  <Workflows></Workflows>
  <FieldSecurityProfiles></FieldSecurityProfiles>
  <Templates />
  <EntityMaps />
  <EntityRelationships />
  <OrganizationSettings />
  <optionsets />
  <CustomControls>
    <CustomControl>
      <Name>chirag_AutoSplitText.AutoSplitTextControl</Name>
      <FileName>/Controls/chirag_AutoSplitText.AutoSplitTextControl/ControlManifest.xml</FileName>
    </CustomControl>
  </CustomControls>
  <EntityDataProviders />
  <Languages>
    <Language>1033</Language>
    <Language>1081</Language>
  </Languages>
</ImportExportXml>