<?xml version="1.0" encoding="utf-8"?>
<manifest>
  <control namespace="AutoSplitText" constructor="AutoSplitTextControl" version="0.0.1"
    display-name-key="AutoSplitTextControl"
    description-key="Splits text across two single-line text fields when the character limit is reached"
    control-type="standard">
    <type-group name="textFields">
      <type>SingleLine.Text</type>
    </type-group>
    <property name="field1" display-name-key="Field 1" description-key="First text field"
      of-type="SingleLine.Text" usage="bound" required="false" />
    <property name="field2" display-name-key="Second Text Field"
      description-key="The second single-line text field for overflow" of-type-group="textFields"
      usage="bound" required="true" />
    <resources>
      <css path="AutoSplitTextControl.css" order="1" />
      <code path="index.ts" order="1" />
    </resources>
  </control>
</manifest>